{
  "waypoints": [
    {
      "name": "clicked_target",
      "xyz": [
        0.33072346556143684,
        -0.26813055297074434,
        0.09489144209243483
      ],
      "duration": 4.0,
      "hold": 1.0
    }
  ]
}